{"modelType": "ODE", "stablePoints": [[0.10752864149643147, 2.996274761239105], [2.996274761239187, 0.10752864149660353]], "sigma": [[[0.005054462574309952, -0.0005246704142127925], [-0.0005246704142127924, 0.005054462574309951]], [[0.005054462574310211, -0.0005246704142136194], [-0.0005246704142136194, 0.005054462574310032]]], "weight": [0.492, 0.508], "defaultParams": {"Sys_Dim": 2, "Genes": ["u", "v"], "cycle": 500, "xmax": 1, "Tfinal": 1000, "Diffusion": 0.005, "y_min": [0, 0], "y_max": [3, 3], "vari_spec": [0, 1], "stablePoints": [[0.10752864149643147, 2.996274761239105], [2.996274761239187, 0.10752864149660353]]}, "odeCode": "from scipy.integrate import odeint\nimport numpy as np\ndef get_force(x,t):\n\tcompartment = 1.0\n\talpha1 = 3.0\n\talpha2 = 3.0\n\tu=x[0]\n\tv=x[1]\n\tR1=compartment * alpha1 / (1 + pow(v, 3))\n\tR2=compartment * u\n\tR3=compartment * alpha2 / (1 + pow(u, 3))\n\tR4=compartment * v\n\treturn np.array([ + (R1) + (-R2), + (R3) + (-R4)])\n"}