{"modelType": "ODETME", "stablePoints": [[0.10752864149643147, 2.996274761239105], [2.996274761239187, 0.10752864149660353]], "sigma": [[[0.005054462574309952, -0.0005246704142127925], [-0.0005246704142127924, 0.005054462574309951]], [[0.005054462574310211, -0.0005246704142136194], [-0.0005246704142136194, 0.005054462574310032]]], "weight": [0.492, 0.508], "allpath": {"1-2": [[0.10752864149643147, 0.2783954057403262, 0.4480365424789567, 0.6081546774004504, 0.7483138155500813, 0.862760845022067, 0.9522880786509705, 1.0226234345509644, 1.0828041888329765, 1.1439580140971055, 1.2177296316510942, 1.3146430310732937, 1.4429275115391513, 1.6066980897794967, 1.8026264552758364, 2.018438670421293, 2.23760936773307, 2.4471940423082224, 2.6418552046673147, 2.8230013375427094, 2.996274761239187], [2.996274761239105, 2.932559748617064, 2.8463055798828734, 2.7119178501609453, 2.5211726076459424, 2.288805420549769, 2.039010903851283, 1.7931110935941235, 1.5654904255521762, 1.3632539478065597, 1.1865669427563517, 1.0300755053985668, 0.8863072826459564, 0.7500364536002438, 0.6209091794663887, 0.502327772898141, 0.3978852828012398, 0.3087235268307733, 0.23319212817715726, 0.16769860739726633, 0.10752864149660353]], "2-1": [[2.996274761239187, 2.932559728954813, 2.8463055519386278, 2.71191780993342, 2.521172557881397, 2.28880536855099, 2.0390108557633053, 1.7931110682666647, 1.56549040477756, 1.3632539398114243, 1.1865669366912805, 1.0300754824444907, 0.8863072495253599, 0.7500364170006474, 0.6209091250863236, 0.5023277255439074, 0.3978852318940905, 0.30872350347111915, 0.23319210513957564, 0.16769860689620686, 0.10752864149643147], [0.10752864149660353, 0.27839541223952247, 0.4480365509519033, 0.608154687447306, 0.7483138265118022, 0.8627608413129636, 0.952288079182904, 1.0226234269784957, 1.082804175286122, 1.1439580117420034, 1.2177296289326336, 1.3146430222613028, 1.442927522680047, 1.6066981209735693, 1.8026265166050426, 2.018438740292271, 2.2376094482572246, 2.447194106791604, 2.6418552500308974, 2.823001363401746, 2.996274761239105]]}, "pathAction": {"1-2": 1.5819146588287423, "2-1": 1.5819146588286124}, "defaultParams": {"Sys_Dim": 2, "Genes": ["u", "v"], "cycle": 500, "xmax": 1, "Tfinal": 1000, "Diffusion": 0.005, "y_min": [-3.0, -3.0], "y_max": [5.0, 6.0], "vari_spec": [0, 1], "stablePoints": [[0.10752864149643147, 2.996274761239105], [2.996274761239187, 0.10752864149660353]], "tmax": 5, "pointInPath": 20}, "odeCode": "from scipy.integrate import odeint\nimport numpy as np\ndef get_force(x,t):\n\tcompartment = 1.0\n\talpha1 = 3.0\n\talpha2 = 3.0\n\tu=x[0]\n\tv=x[1]\n\tR1=compartment * alpha1 / (1 + pow(v, 3))\n\tR2=compartment * u\n\tR3=compartment * alpha2 / (1 + pow(u, 3))\n\tR4=compartment * v\n\treturn np.array([ + (R1) + (-R2), + (R3) + (-R4)])\n"}