{"modelType": "GRN", "stablePoints": [[0.09723703502731958, 0.9998139014444671, 0.00037219711098557886], [1.4473093022282861, 0.14047308108691076, 0.9481188575581981]], "sigma": [[[0.005334326796633857, -0.0008087041168839049, 4.2136009158682084e-05], [-0.0008087041168839048, 0.005006188697663514, -6.349923968877681e-06], [4.213600915868208e-05, -6.349923968877684e-06, 0.005000644900936872]], [[0.005796402415062217, -0.0003648280226385597, 0.00043486099016678723], [-0.00036482802263855963, 0.005390562570445387, -0.000981876921213914], [0.00043486099016678723, -0.0009818769212139138, 0.005059118227395201]]], "weight": [0.558, 0.442], "defaultParams": {"IM": [[1.0, -1.0, 1.0], [-1.0, 0.0, 0.0], [0.0, -1.0, 0.0]], "Sys_Dim": 3, "Genes": ["gene1", "gene2", "gene3"], "Hill_fn": [[4.0, 4.0, 4.0], [4.0, 0.0, 0.0], [0.0, 4.0, 0.0]], "TM": [[0.7, 0.7, 0.7], [0.7, 0.0, 0.0], [0.0, 0.7, 0.0]], "Act_Inh": [[1.0, 0.5, 1.0], [0.5, 0.0, 0.0], [0.0, 0.5, 0.0]], "Degrade_rate": [1, 1, 1], "cycle": 500, "xmax": 1, "Tfinal": 1000, "Diffusion": 0.005, "y_min": [0, 0], "y_max": [3, 3], "vari_spec": [0, 1], "stablePoints": [[0.09723703502731958, 0.9998139014444671, 0.00037219711098557886], [1.4473093022282861, 0.14047308108691076, 0.9481188575581981]]}, "odeCode": ""}