{"modelType": "GRN", "stablePoints": [[0.09723703502794033, 0.9998139014448768, 0.00037219711096588676], [1.4473093022283166, 0.14047308108780682, 0.9481188575586013]], "sigma": [[[0.005334326796634897, -0.0008087041168833255, 4.213600915950087e-05], [-0.0008087041168833255, 0.005006188697663627, -6.349923968997872e-06], [4.213600915950087e-05, -6.349923968997873e-06, 0.005000644900936897]], [[0.005796402415062345, -0.0003648280226397183, 0.00043486099016696927], [-0.00036482802263971826, 0.00539056257044453, -0.0009818769212127294], [0.00043486099016696916, -0.0009818769212127294, 0.0050591182273952194]]], "weight": [0.538, 0.462], "allpath": {"1-2": [[0.09723703502794033, 0.16921115156017327, 0.24669519806035836, 0.3300545402005134, 0.4163001490656565, 0.5001717923164191, 0.577500034750744, 0.6474875937896012, 0.7119362999993573, 0.7733222360245112, 0.8337948874819245, 0.8950480580743094, 0.9582985285400509, 1.0239986371421206, 1.0914894377323507, 1.1590711439212888, 1.2246480663327952, 1.2865468326082508, 1.3440115145610838, 1.397261749899813, 1.4473093022283166], [0.9998139014448768, 0.9618220587887516, 0.9287992422689219, 0.9001155481056196, 0.8741992751878506, 0.8485756905898766, 0.8213081732743261, 0.7919225809034839, 0.7605798247479295, 0.7268308579798956, 0.6892214802268329, 0.6460147384487673, 0.596469299362219, 0.5415146585442687, 0.48327718017646487, 0.4240577772850888, 0.36553850449437936, 0.3084637943136071, 0.25265883456220745, 0.197180852909874, 0.14047308108780682], [0.00037219711096588676, 0.0023022292846537552, 0.005721541069438398, 0.013517389854620344, 0.03078008092055361, 0.06311599728084721, 0.11284846588723213, 0.17749355750842208, 0.25202387578084207, 0.33139637185448834, 0.41152656995060083, 0.4893979614156254, 0.5629901582508251, 0.6311363098268077, 0.693295225242203, 0.74933118430037, 0.7993825787945453, 0.8437928183459699, 0.8830421235862954, 0.9176585201070647, 0.9481188575586013]]}, "pathAction": {"1-2": 0.2506081143657949}, "defaultParams": {"IM": [[1.0, -1.0, 1.0], [-1.0, 0.0, 0.0], [0.0, -1.0, 0.0]], "Sys_Dim": 3, "Genes": ["gene1", "gene2", "gene3"], "Hill_fn": [[4.0, 4.0, 4.0], [4.0, 0.0, 0.0], [0.0, 4.0, 0.0]], "TM": [[0.7, 0.7, 0.7], [0.7, 0.0, 0.0], [0.0, 0.7, 0.0]], "Act_Inh": [[1.0, 0.5, 1.0], [0.5, 0.0, 0.0], [0.0, 0.5, 0.0]], "Degrade_rate": [1, 1, 1], "cycle": 500, "xmax": 1, "Tfinal": 1000, "Diffusion": 0.005, "y_min": [0.0, 0.0], "y_max": [3.0, 3.0], "vari_spec": [1, 2], "stablePoints": [[0.09723703502794033, 0.9998139014448768, 0.00037219711096588676], [1.4473093022283166, 0.14047308108780682, 0.9481188575586013]], "tmax": 5, "pointInPath": 20}, "odeCode": ""}