{"modelType": "ODE", "stablePoints": [[0.0987272685873293, 0.2348579565628349, 0.10118788699372191, 0.23446356266038043, 0.1915830990022079, 0.11943467653902211], [0.10062315860928427, 0.9404232125158231, 0.10117523940208034, 0.14350044849620158, 0.10756243367070806, 0.5631656596033704], [0.10065576046054799, 0.23993962363096835, 0.10117501559009953, 0.9406813527605725, 0.1031927963177589, 0.03340887254432199], [0.10083666829235449, 0.9407016585240967, 0.10117376971754137, 0.8799346966493897, 0.017669016717447153, 0.47332090120421516], [0.42910730723808826, 0.05406182173660306, 0.6983704132491475, 0.08461402742817589, 0.5958667282936614, 0.49594872087967445], [0.4392771916316985, 0.7157898203971113, 0.688859048480461, 0.05690945540949221, 0.5105842573731724, 0.8952023808572659], [0.4403062399911744, 0.0716239661296852, 0.687805310467988, 0.8244644717712417, 0.5027220705448321, 0.402974605711313], [0.4516144460096539, 0.7700427364050259, 0.6744801672705506, 0.7437798298527761, 0.41607682308501565, 0.8255208365996202]], "sigma": [[[0.01001423700799081, 5.702891429636942e-05, 0.0001435397960403598, 5.793206596318932e-05, -0.00022015171148967712, 2.3556897656029857e-05], [5.7028914296369405e-05, 0.025381252279643093, -5.802342393416642e-05, 8.901820657068213e-05, -0.0016935610798119853, 0.006856225296791433], [0.00014353979604035978, -5.8023423934166434e-05, 0.010557269261531083, -7.457279008323388e-06, 0.00018238624801373952, 0.00016813835518279024], [5.793206596318933e-05, 8.901820657068214e-05, -7.457279008323384e-06, 0.02524729892308862, -0.0016715650785010673, -0.0014144238000324647], [-0.00022015171148967712, -0.0016935610798119857, 0.00018238624801373944, -0.0016715650785010668, 0.010259165919690047, -0.00045603159369591835], [2.355689765602986e-05, 0.006856225296791434, 0.0001681383551827903, -0.0014144238000324651, -0.00045603159369591846, 0.01269615430893562]], [[0.010005060471587005, 4.797146071230137e-09, 0.00014495728251287675, 4.0124711936737026e-08, -3.435221246552369e-05, 5.37191506119276e-06], [4.797146071230455e-09, 0.013043455295370836, -4.152181907422938e-05, -0.00010949378929394271, -0.00026040374784769765, 0.0010755562194235656], [0.00014495728251287675, -4.152181907422938e-05, 0.010556985172494236, -1.7240193989548232e-05, 0.0001799858339144169, 0.0001761243662624075], [4.0124711936736814e-08, -0.00010949378929394272, -1.724019398954824e-05, 0.011963849898778441, -0.00016053558005966407, -0.0010531084328987124], [-3.435221246552369e-05, -0.00026040374784769754, 0.00017998583391441692, -0.00016053558005966407, 0.010016529566627548, -1.7442710053108494e-05], [5.3719150611927615e-06, 0.0010755562194235656, 0.00017612436626240758, -0.0010531084328987122, -1.7442710053108494e-05, 0.01018219694392116]], [[0.010005002890966739, 6.741361850423297e-06, 0.00014500403178700614, 1.1178998310203763e-06, -3.0445038303177793e-05, 8.749960950276777e-06], [6.7413618504233e-06, 0.027643440178643144, -5.426830026912235e-05, 1.025755558059424e-05, -0.0016725403295371633, 0.00809060211830445], [0.00014500403178700614, -5.426830026912235e-05, 0.01055697999676994, -7.691947672129094e-07, 0.0001814184396396167, 0.00016795529882654339], [1.117899831020376e-06, 1.025755558059424e-05, -7.691947672129096e-07, 0.013038010966267177, -0.00025539330780627724, -0.00021170420756621737], [-3.0445038303177786e-05, -0.001672540329537163, 0.00018141843963961673, -0.0002553933078062773, 0.010146772657055006, -0.0006433154652083108], [8.749960950276783e-06, 0.00809060211830445, 0.00016795529882654344, -0.00021170420756621737, -0.000643315465208311, 0.01323689505661971]], [[0.010004804492675884, -1.2999375706279398e-06, 0.00014546731161559393, -1.0810967115835832e-06, 5.239842102025374e-06, 5.242820632177023e-06], [-1.2999375706279398e-06, 0.013035595743637385, -4.0678595244763337e-05, -0.00015405642016846633, -0.00021295003107936014, 0.001075489170902078], [0.00014546731161559393, -4.067859524476334e-05, 0.010556949778304472, -2.2513393714750526e-05, 0.00018011573847617393, 0.00017646734381377688], [-1.0810967115835834e-06, -0.00015405642016846633, -2.2513393714750526e-05, 0.015003607088191758, -0.0003448194105133512, -0.001622683415040427], [5.239842102025376e-06, -0.0002129500310793601, 0.00018011573847617388, -0.0003448194105133512, 0.010025548445695648, 1.297482300384587e-05], [5.2428206321770234e-06, 0.001075489170902078, 0.00017646734381377696, -0.0016226834150404267, 1.2974823003845863e-05, 0.010225409595950037]], [[0.0136067868166549, -0.001384811785430174, 0.00882194604355548, -0.0013114443745676483, 0.0037396253750175312, 0.004449338952736304], [-0.0013848117854301735, 0.010830121312565808, -0.0037297311451381767, 0.0007346874267503325, -0.0026253106701428644, -0.0018359076346284899], [0.008821946043555476, -0.003729731145138177, 0.033168326649977986, -0.0031948649565206513, 0.011946870940226182, 0.01180753704666918], [-0.001311444374567648, 0.0007346874267503324, -0.003194864956520651, 0.011293518261760017, -0.002544836496794249, -0.0028041121659710157], [0.0037396253750175312, -0.0026253106701428644, 0.011946870940226182, -0.00254483649679425, 0.015650215152352563, 0.005609479952481923], [0.004449338952736303, -0.0018359076346284896, 0.01180753704666918, -0.002804112165971015, 0.00560947995248192, 0.015573533074530455]], [[0.014149443070121285, -0.0040561583127008095, 0.01024477811445971, -0.0009203257416433698, 0.004648202004231806, 0.0038904071632090017], [-0.00405615831270081, 0.04340186282312123, -0.011206578301392402, 0.00201312499536778, -0.011036325907959164, 0.008861242039789673], [0.010244778114459712, -0.0112065783013924, 0.037222075282859424, -0.0026234818421382493, 0.015176112621722483, 0.010486277420556795], [-0.0009203257416433698, 0.002013124995367781, -0.002623481842138249, 0.01064599862492949, -0.0026218880448816723, -0.0009127180164673945], [0.004648202004231806, -0.011036325907959166, 0.015176112621722485, -0.002621888044881673, 0.018454015570095357, 0.003557914155895395], [0.003890407163208999, 0.008861242039789672, 0.01048627742055679, -0.000912718016467394, 0.0035579141558953913, 0.01902421552227224]], [[0.014291200930337068, -0.0019267077762300355, 0.010502969526436803, -0.0026808355382792874, 0.004627701571224522, 0.005560739788345632], [-0.001926707776230035, 0.011525322273097615, -0.005312225958675865, 0.002060171058131229, -0.0039292122003508415, -0.0028234067821377557], [0.0105029695264368, -0.0053122259586758655, 0.03766844028504397, -0.006840946080624675, 0.014979346080884057, 0.014752440914098617], [-0.002680835538279287, 0.002060171058131229, -0.0068409460806246715, 0.021002207697121005, -0.006019095131047466, -0.006033005940977906], [0.0046277015712245205, -0.003929212200350843, 0.014979346080884049, -0.006019095131047467, 0.017748540935631857, 0.007663604384426099], [0.005560739788345632, -0.0028234067821377574, 0.014752440914098617, -0.006033005940977909, 0.0076636043844261, 0.017594256873428298]], [[0.01591456787809286, -0.005119348036818502, 0.014032837429365647, -0.003111459092622422, 0.0071147526629843395, 0.006397915848125195], [-0.005119348036818502, 0.02927492385312683, -0.01296186729075358, 0.005885277236097124, -0.010995524991905254, -0.0007318661003409112], [0.014032837429365641, -0.012961867290753578, 0.04533848973067345, -0.008255429097826613, 0.020719298733795924, 0.016368179837933823], [-0.003111459092622422, 0.005885277236097124, -0.008255429097826615, 0.030746530624809826, -0.00876413536617359, -0.005364739618325367], [0.00711475266298434, -0.010995524991905252, 0.020719298733795924, -0.008764135366173587, 0.022340777433127297, 0.008525385558821295], [0.006397915848125188, -0.0007318661003409087, 0.016368179837933813, -0.005364739618325367, 0.008525385558821295, 0.018809294146624782]]], "weight": [0.082, 0.18, 0.12, 0.19, 0.136, 0.12, 0.09, 0.082], "defaultParams": {"Sys_Dim": 6, "Genes": ["MDM2", "OCT4", "P53", "ZEB", "miR145", "miR200"], "cycle": 500, "xmax": 1, "Tfinal": 1000, "Diffusion": 0.01,